timestamp,environment,policy_version,opponent_name,opponent_version,opponent_kind,change_type,split,seed_start,seed_stop_exclusive,episodes,mean,std,median,min,max,wins,losses,draws,win_rate,life_difference_mean,environment_steps,wall_clock_seconds,pass_fail,tests_pass_fail,git_commit,diff_identifier,agent_iterations,code_edits,change_summary,failure_analysis,next_hypothesis
2026-05-24T18:29:25+00:00,SlimeVolley-v0,initial,builtin,slimevolleygym-baseline-rnn,built-in baseline,evaluation-harness change,smoke,0,2,2,,,,,,0,0,0,,,0,0.000134,fail,not_recorded,088c70f,bd7dd47b5924,1,5,Attempt SlimeVolley initial-vs-builtin smoke evaluation before optional legacy dependencies are installed.,SlimeVolleyDependencyError: SlimeVolley requires optional legacy dependencies: gym and slimevolleygym. Current status: ModuleNotFoundError: No module named 'gym',"Install the legacy SlimeVolley stack, rerun doctor, then repeat this exact smoke evaluation."
2026-05-24T18:35:40+00:00,SlimeVolley-v0,initial,builtin,slimevolleygym-baseline-rnn,built-in baseline,evaluation-harness change,smoke,0,2,2,-5,0,-5,-5,-5,0,2,0,0.0,-5.0,1327,0.224882,pass,not_recorded,088c70f,83489c06c238,2,6,Real SlimeVolley smoke evaluation for initial against builtin on fixed smoke seeds after installing the legacy dependency stack.,No failure observed.,Use this smoke matrix to identify obvious opponent-protocol or policy failures before any development-seed tuning.
2026-05-24T18:35:40+00:00,SlimeVolley-v0,initial,random,v0,random policy,evaluation-harness change,smoke,0,2,2,2,3,2,-1,5,1,1,0,0.5,2.0,1200,0.063283,pass,not_recorded,088c70f,83489c06c238,2,6,Real SlimeVolley smoke evaluation for initial against random on fixed smoke seeds after installing the legacy dependency stack.,No failure observed.,Use this smoke matrix to identify obvious opponent-protocol or policy failures before any development-seed tuning.
2026-05-24T18:35:40+00:00,SlimeVolley-v0,initial,initial,v0,frozen heuristic,evaluation-harness change,smoke,0,2,2,0,2,0,-2,2,1,1,0,0.5,0.0,1605,0.077602,pass,not_recorded,088c70f,83489c06c238,2,6,Real SlimeVolley smoke evaluation for initial against initial on fixed smoke seeds after installing the legacy dependency stack.,No failure observed.,Use this smoke matrix to identify obvious opponent-protocol or policy failures before any development-seed tuning.
2026-05-24T18:35:40+00:00,SlimeVolley-v0,initial,improved-v0,v0,archived heuristic,evaluation-harness change,smoke,0,2,2,-0.5,1.5,-0.5,-2,1,1,1,0,0.5,-0.5,1655,0.077542,pass,not_recorded,088c70f,83489c06c238,2,6,Real SlimeVolley smoke evaluation for initial against improved-v0 on fixed smoke seeds after installing the legacy dependency stack.,No failure observed.,Use this smoke matrix to identify obvious opponent-protocol or policy failures before any development-seed tuning.
2026-05-24T18:35:40+00:00,SlimeVolley-v0,improved,builtin,slimevolleygym-baseline-rnn,built-in baseline,evaluation-harness change,smoke,0,2,2,-5,0,-5,-5,-5,0,2,0,0.0,-5.0,1287,0.063648,pass,not_recorded,088c70f,83489c06c238,2,6,Real SlimeVolley smoke evaluation for improved against builtin on fixed smoke seeds after installing the legacy dependency stack.,No failure observed.,Use this smoke matrix to identify obvious opponent-protocol or policy failures before any development-seed tuning.
2026-05-24T18:35:40+00:00,SlimeVolley-v0,improved,random,v0,random policy,evaluation-harness change,smoke,0,2,2,2,3,2,-1,5,1,1,0,0.5,2.0,1186,0.067229,pass,not_recorded,088c70f,83489c06c238,2,6,Real SlimeVolley smoke evaluation for improved against random on fixed smoke seeds after installing the legacy dependency stack.,No failure observed.,Use this smoke matrix to identify obvious opponent-protocol or policy failures before any development-seed tuning.
2026-05-24T18:35:41+00:00,SlimeVolley-v0,improved,initial,v0,frozen heuristic,evaluation-harness change,smoke,0,2,2,0,2,0,-2,2,1,1,0,0.5,0.0,1612,0.077496,pass,not_recorded,088c70f,83489c06c238,2,6,Real SlimeVolley smoke evaluation for improved against initial on fixed smoke seeds after installing the legacy dependency stack.,No failure observed.,Use this smoke matrix to identify obvious opponent-protocol or policy failures before any development-seed tuning.
2026-05-24T18:35:41+00:00,SlimeVolley-v0,improved,improved-v0,v0,archived heuristic,evaluation-harness change,smoke,0,2,2,-0.5,1.5,-0.5,-2,1,1,1,0,0.5,-0.5,1659,0.083134,pass,not_recorded,088c70f,83489c06c238,2,6,Real SlimeVolley smoke evaluation for improved against improved-v0 on fixed smoke seeds after installing the legacy dependency stack.,No failure observed.,Use this smoke matrix to identify obvious opponent-protocol or policy failures before any development-seed tuning.
2026-05-24T18:36:43+00:00,SlimeVolley-v0,random,builtin,slimevolleygym-baseline-rnn,built-in baseline,logging/diagnostics change,dev,0,20,20,-4.9,0.3,-5,-5,-4,0,20,0,0.0,-4.9,11423,0.74767,pass,not_recorded,088c70f,64f3c80701de,2,7,Real SlimeVolley development-seed evaluation for random against builtin on fixed seeds 0..19.,No failure observed.,Compare policy and opponent-pool aggregates before proposing any structural SlimeVolley policy change.
2026-05-24T18:36:44+00:00,SlimeVolley-v0,random,random,v0,random policy,logging/diagnostics change,dev,0,20,20,-0.15,2.61295,0,-5,4,10,10,0,0.5,-0.15,12947,0.703543,pass,not_recorded,088c70f,64f3c80701de,2,7,Real SlimeVolley development-seed evaluation for random against random on fixed seeds 0..19.,No failure observed.,Compare policy and opponent-pool aggregates before proposing any structural SlimeVolley policy change.
2026-05-24T18:36:45+00:00,SlimeVolley-v0,random,initial,v0,frozen heuristic,logging/diagnostics change,dev,0,20,20,-2.25,1.66958,-2,-5,2,2,18,0,0.1,-2.25,13848,0.770031,pass,not_recorded,088c70f,64f3c80701de,2,7,Real SlimeVolley development-seed evaluation for random against initial on fixed seeds 0..19.,No failure observed.,Compare policy and opponent-pool aggregates before proposing any structural SlimeVolley policy change.
2026-05-24T18:36:46+00:00,SlimeVolley-v0,random,improved-v0,v0,archived heuristic,logging/diagnostics change,dev,0,20,20,-2.5,1.5,-2.5,-5,2,1,19,0,0.05,-2.5,13949,0.788664,pass,not_recorded,088c70f,64f3c80701de,2,7,Real SlimeVolley development-seed evaluation for random against improved-v0 on fixed seeds 0..19.,No failure observed.,Compare policy and opponent-pool aggregates before proposing any structural SlimeVolley policy change.
2026-05-24T18:36:46+00:00,SlimeVolley-v0,initial,builtin,slimevolleygym-baseline-rnn,built-in baseline,evaluation-harness change,dev,0,20,20,-4.95,0.217945,-5,-5,-4,0,20,0,0.0,-4.95,12914,0.580133,pass,not_recorded,088c70f,64f3c80701de,2,7,Real SlimeVolley development-seed evaluation for initial against builtin on fixed seeds 0..19.,No failure observed.,Compare policy and opponent-pool aggregates before proposing any structural SlimeVolley policy change.
2026-05-24T18:36:47+00:00,SlimeVolley-v0,initial,random,v0,random policy,evaluation-harness change,dev,0,20,20,1.9,2.46779,2,-3,5,16,4,0,0.8,1.9,13432,0.759959,pass,not_recorded,088c70f,64f3c80701de,2,7,Real SlimeVolley development-seed evaluation for initial against random on fixed seeds 0..19.,No failure observed.,Compare policy and opponent-pool aggregates before proposing any structural SlimeVolley policy change.
2026-05-24T18:36:48+00:00,SlimeVolley-v0,initial,initial,v0,frozen heuristic,evaluation-harness change,dev,0,20,20,0.25,2.50749,1,-5,5,11,9,0,0.55,0.25,16067,0.763214,pass,not_recorded,088c70f,64f3c80701de,2,7,Real SlimeVolley development-seed evaluation for initial against initial on fixed seeds 0..19.,No failure observed.,Compare policy and opponent-pool aggregates before proposing any structural SlimeVolley policy change.
2026-05-24T18:36:49+00:00,SlimeVolley-v0,initial,improved-v0,v0,archived heuristic,evaluation-harness change,dev,0,20,20,-0.15,2.47538,-1,-5,4,8,12,0,0.4,-0.15,16379,0.83979,pass,not_recorded,088c70f,64f3c80701de,2,7,Real SlimeVolley development-seed evaluation for initial against improved-v0 on fixed seeds 0..19.,No failure observed.,Compare policy and opponent-pool aggregates before proposing any structural SlimeVolley policy change.
2026-05-24T18:36:49+00:00,SlimeVolley-v0,improved,builtin,slimevolleygym-baseline-rnn,built-in baseline,evaluation-harness change,dev,0,20,20,-5,0,-5,-5,-5,0,20,0,0.0,-5.0,12799,0.622035,pass,not_recorded,088c70f,64f3c80701de,2,7,Real SlimeVolley development-seed evaluation for improved against builtin on fixed seeds 0..19.,No failure observed.,Compare policy and opponent-pool aggregates before proposing any structural SlimeVolley policy change.
2026-05-24T18:36:50+00:00,SlimeVolley-v0,improved,random,v0,random policy,evaluation-harness change,dev,0,20,20,1.6,3.00666,3,-4,5,13,7,0,0.65,1.6,13098,0.722936,pass,not_recorded,088c70f,64f3c80701de,2,7,Real SlimeVolley development-seed evaluation for improved against random on fixed seeds 0..19.,No failure observed.,Compare policy and opponent-pool aggregates before proposing any structural SlimeVolley policy change.
2026-05-24T18:36:51+00:00,SlimeVolley-v0,improved,initial,v0,frozen heuristic,evaluation-harness change,dev,0,20,20,0.4,2.67208,1.5,-5,4,11,9,0,0.55,0.4,15396,0.754927,pass,not_recorded,088c70f,64f3c80701de,2,7,Real SlimeVolley development-seed evaluation for improved against initial on fixed seeds 0..19.,No failure observed.,Compare policy and opponent-pool aggregates before proposing any structural SlimeVolley policy change.
2026-05-24T18:36:52+00:00,SlimeVolley-v0,improved,improved-v0,v0,archived heuristic,evaluation-harness change,dev,0,20,20,0.25,2.75454,0,-5,4,10,10,0,0.5,0.25,15625,0.781834,pass,not_recorded,088c70f,64f3c80701de,2,7,Real SlimeVolley development-seed evaluation for improved against improved-v0 on fixed seeds 0..19.,No failure observed.,Compare policy and opponent-pool aggregates before proposing any structural SlimeVolley policy change.
2026-05-24T18:41:35+00:00,SlimeVolley-v0,random,builtin,slimevolleygym-baseline-rnn,built-in baseline,bug fix,dev,0,20,20,-4.85,0.357071,-5,-5,-4,0,20,0,0.0,-4.85,11582,0.735598,pass,not_recorded,088c70f,64f3c80701de,3,8,Re-evaluate random against the built-in SlimeVolley opponent after fixing built-in RNN reset per episode.,Prior built-in-opponent rows may have carried recurrent opponent state across episodes because SlimeVolleyEnv.reset() does not reset env.policy.,"If built-in performance remains poor after the reset fix, treat the loss as a policy failure rather than harness contamination."
2026-05-24T18:41:35+00:00,SlimeVolley-v0,initial,builtin,slimevolleygym-baseline-rnn,built-in baseline,bug fix,dev,0,20,20,-4.95,0.217945,-5,-5,-4,0,20,0,0.0,-4.95,13159,0.616395,pass,not_recorded,088c70f,64f3c80701de,3,8,Re-evaluate initial against the built-in SlimeVolley opponent after fixing built-in RNN reset per episode.,Prior built-in-opponent rows may have carried recurrent opponent state across episodes because SlimeVolleyEnv.reset() does not reset env.policy.,"If built-in performance remains poor after the reset fix, treat the loss as a policy failure rather than harness contamination."
2026-05-24T18:41:36+00:00,SlimeVolley-v0,improved,builtin,slimevolleygym-baseline-rnn,built-in baseline,bug fix,dev,0,20,20,-5,0,-5,-5,-5,0,20,0,0.0,-5.0,13136,0.626505,pass,not_recorded,088c70f,64f3c80701de,3,8,Re-evaluate improved against the built-in SlimeVolley opponent after fixing built-in RNN reset per episode.,Prior built-in-opponent rows may have carried recurrent opponent state across episodes because SlimeVolleyEnv.reset() does not reset env.policy.,"If built-in performance remains poor after the reset fix, treat the loss as a policy failure rather than harness contamination."
2026-05-24T18:45:18+00:00,SlimeVolley-v0,tuned,builtin,slimevolleygym-baseline-rnn,built-in baseline,scalar/config tuning,dev,0,20,20,-4.95,0.217945,-5,-5,-4,0,20,0,0.0,-4.95,14344,0.829499,pass,not_recorded,088c70f,3b1de978d4ab,4,9,SlimeVolley scalar search candidate 1/8 against builtin; no structural policy code changed.,No failure observed.,Select scalar config on development seeds using average opponent score with mean - 0 * std per opponent.
2026-05-24T18:45:19+00:00,SlimeVolley-v0,tuned,random,v0,random policy,scalar/config tuning,dev,0,20,20,2.75,1.86748,3,-3,5,19,1,0,0.95,2.75,13712,0.750743,pass,not_recorded,088c70f,3b1de978d4ab,4,9,SlimeVolley scalar search candidate 1/8 against random; no structural policy code changed.,No failure observed.,Select scalar config on development seeds using average opponent score with mean - 0 * std per opponent.
2026-05-24T18:45:19+00:00,SlimeVolley-v0,tuned,initial,v0,frozen heuristic,scalar/config tuning,dev,0,20,20,1.35,2.39322,2,-5,5,16,4,0,0.8,1.35,16289,0.781007,pass,not_recorded,088c70f,3b1de978d4ab,4,9,SlimeVolley scalar search candidate 1/8 against initial; no structural policy code changed.,No failure observed.,Select scalar config on development seeds using average opponent score with mean - 0 * std per opponent.
2026-05-24T18:45:20+00:00,SlimeVolley-v0,tuned,improved-v0,v0,archived heuristic,scalar/config tuning,dev,0,20,20,1.2,2.13542,2,-4,4,15,5,0,0.75,1.2,17453,0.836943,pass,not_recorded,088c70f,3b1de978d4ab,4,9,SlimeVolley scalar search candidate 1/8 against improved-v0; no structural policy code changed.,No failure observed.,Select scalar config on development seeds using average opponent score with mean - 0 * std per opponent.
2026-05-24T18:45:21+00:00,SlimeVolley-v0,tuned,builtin,slimevolleygym-baseline-rnn,built-in baseline,scalar/config tuning,dev,0,20,20,-4.95,0.217945,-5,-5,-4,0,20,0,0.0,-4.95,13712,0.636516,pass,not_recorded,088c70f,3b1de978d4ab,4,9,SlimeVolley scalar search candidate 2/8 against builtin; no structural policy code changed.,No failure observed.,Select scalar config on development seeds using average opponent score with mean - 0 * std per opponent.
2026-05-24T18:45:22+00:00,SlimeVolley-v0,tuned,random,v0,random policy,scalar/config tuning,dev,0,20,20,2.35,2.43465,2.5,-4,5,18,2,0,0.9,2.35,13029,0.709366,pass,not_recorded,088c70f,3b1de978d4ab,4,9,SlimeVolley scalar search candidate 2/8 against random; no structural policy code changed.,No failure observed.,Select scalar config on development seeds using average opponent score with mean - 0 * std per opponent.
2026-05-24T18:45:22+00:00,SlimeVolley-v0,tuned,initial,v0,frozen heuristic,scalar/config tuning,dev,0,20,20,0.8,2.7313,1,-5,5,13,7,0,0.65,0.8,15344,0.736969,pass,not_recorded,088c70f,3b1de978d4ab,4,9,SlimeVolley scalar search candidate 2/8 against initial; no structural policy code changed.,No failure observed.,Select scalar config on development seeds using average opponent score with mean - 0 * std per opponent.
2026-05-24T18:45:23+00:00,SlimeVolley-v0,tuned,improved-v0,v0,archived heuristic,scalar/config tuning,dev,0,20,20,0.8,2.63818,1,-5,5,13,7,0,0.65,0.8,16112,0.775842,pass,not_recorded,088c70f,3b1de978d4ab,4,9,SlimeVolley scalar search candidate 2/8 against improved-v0; no structural policy code changed.,No failure observed.,Select scalar config on development seeds using average opponent score with mean - 0 * std per opponent.
2026-05-24T18:45:24+00:00,SlimeVolley-v0,tuned,builtin,slimevolleygym-baseline-rnn,built-in baseline,scalar/config tuning,dev,0,20,20,-4.95,0.217945,-5,-5,-4,0,20,0,0.0,-4.95,13370,0.617551,pass,not_recorded,088c70f,3b1de978d4ab,4,9,SlimeVolley scalar search candidate 3/8 against builtin; no structural policy code changed.,No failure observed.,Select scalar config on development seeds using average opponent score with mean - 0 * std per opponent.
2026-05-24T18:45:25+00:00,SlimeVolley-v0,tuned,random,v0,random policy,scalar/config tuning,dev,0,20,20,1.65,2.24221,2,-3,5,16,4,0,0.8,1.65,14079,0.772075,pass,not_recorded,088c70f,3b1de978d4ab,4,9,SlimeVolley scalar search candidate 3/8 against random; no structural policy code changed.,No failure observed.,Select scalar config on development seeds using average opponent score with mean - 0 * std per opponent.
2026-05-24T18:45:26+00:00,SlimeVolley-v0,tuned,initial,v0,frozen heuristic,scalar/config tuning,dev,0,20,20,0.25,2.48747,1,-5,5,11,9,0,0.55,0.25,15777,0.761605,pass,not_recorded,088c70f,3b1de978d4ab,4,9,SlimeVolley scalar search candidate 3/8 against initial; no structural policy code changed.,No failure observed.,Select scalar config on development seeds using average opponent score with mean - 0 * std per opponent.
2026-05-24T18:45:26+00:00,SlimeVolley-v0,tuned,improved-v0,v0,archived heuristic,scalar/config tuning,dev,0,20,20,-0.25,2.38485,-1,-5,4,8,12,0,0.4,-0.25,16189,0.768488,pass,not_recorded,088c70f,3b1de978d4ab,4,9,SlimeVolley scalar search candidate 3/8 against improved-v0; no structural policy code changed.,No failure observed.,Select scalar config on development seeds using average opponent score with mean - 0 * std per opponent.
2026-05-24T18:45:27+00:00,SlimeVolley-v0,tuned,builtin,slimevolleygym-baseline-rnn,built-in baseline,scalar/config tuning,dev,0,20,20,-4.95,0.217945,-5,-5,-4,0,20,0,0.0,-4.95,14097,0.647101,pass,not_recorded,088c70f,3b1de978d4ab,4,9,SlimeVolley scalar search candidate 4/8 against builtin; no structural policy code changed.,No failure observed.,Select scalar config on development seeds using average opponent score with mean - 0 * std per opponent.
2026-05-24T18:45:28+00:00,SlimeVolley-v0,tuned,random,v0,random policy,scalar/config tuning,dev,0,20,20,2.45,2.29074,3,-4,5,17,3,0,0.85,2.45,13732,0.722847,pass,not_recorded,088c70f,3b1de978d4ab,4,9,SlimeVolley scalar search candidate 4/8 against random; no structural policy code changed.,No failure observed.,Select scalar config on development seeds using average opponent score with mean - 0 * std per opponent.
2026-05-24T18:45:29+00:00,SlimeVolley-v0,tuned,initial,v0,frozen heuristic,scalar/config tuning,dev,0,20,20,0.9,2.48797,1,-5,5,13,7,0,0.65,0.9,16389,0.764435,pass,not_recorded,088c70f,3b1de978d4ab,4,9,SlimeVolley scalar search candidate 4/8 against initial; no structural policy code changed.,No failure observed.,Select scalar config on development seeds using average opponent score with mean - 0 * std per opponent.
2026-05-24T18:45:29+00:00,SlimeVolley-v0,tuned,improved-v0,v0,archived heuristic,scalar/config tuning,dev,0,20,20,0.7,2.14709,1,-4,4,12,8,0,0.6,0.7,17430,0.844746,pass,not_recorded,088c70f,3b1de978d4ab,4,9,SlimeVolley scalar search candidate 4/8 against improved-v0; no structural policy code changed.,No failure observed.,Select scalar config on development seeds using average opponent score with mean - 0 * std per opponent.
2026-05-24T18:45:30+00:00,SlimeVolley-v0,tuned,builtin,slimevolleygym-baseline-rnn,built-in baseline,scalar/config tuning,dev,0,20,20,-4.95,0.217945,-5,-5,-4,0,20,0,0.0,-4.95,13159,0.594637,pass,not_recorded,088c70f,3b1de978d4ab,4,9,SlimeVolley scalar search candidate 5/8 against builtin; no structural policy code changed.,No failure observed.,Select scalar config on development seeds using average opponent score with mean - 0 * std per opponent.
2026-05-24T18:45:31+00:00,SlimeVolley-v0,tuned,random,v0,random policy,scalar/config tuning,dev,0,20,20,1.9,2.46779,2,-3,5,16,4,0,0.8,1.9,13432,0.728501,pass,not_recorded,088c70f,3b1de978d4ab,4,9,SlimeVolley scalar search candidate 5/8 against random; no structural policy code changed.,No failure observed.,Select scalar config on development seeds using average opponent score with mean - 0 * std per opponent.
2026-05-24T18:45:32+00:00,SlimeVolley-v0,tuned,initial,v0,frozen heuristic,scalar/config tuning,dev,0,20,20,0.25,2.50749,1,-5,5,11,9,0,0.55,0.25,16067,0.774966,pass,not_recorded,088c70f,3b1de978d4ab,4,9,SlimeVolley scalar search candidate 5/8 against initial; no structural policy code changed.,No failure observed.,Select scalar config on development seeds using average opponent score with mean - 0 * std per opponent.
2026-05-24T18:45:32+00:00,SlimeVolley-v0,tuned,improved-v0,v0,archived heuristic,scalar/config tuning,dev,0,20,20,-0.15,2.47538,-1,-5,4,8,12,0,0.4,-0.15,16379,0.798938,pass,not_recorded,088c70f,3b1de978d4ab,4,9,SlimeVolley scalar search candidate 5/8 against improved-v0; no structural policy code changed.,No failure observed.,Select scalar config on development seeds using average opponent score with mean - 0 * std per opponent.
2026-05-24T18:45:33+00:00,SlimeVolley-v0,tuned,builtin,slimevolleygym-baseline-rnn,built-in baseline,scalar/config tuning,dev,0,20,20,-4.95,0.217945,-5,-5,-4,0,20,0,0.0,-4.95,12989,0.577667,pass,not_recorded,088c70f,3b1de978d4ab,4,9,SlimeVolley scalar search candidate 6/8 against builtin; no structural policy code changed.,No failure observed.,Select scalar config on development seeds using average opponent score with mean - 0 * std per opponent.
2026-05-24T18:45:34+00:00,SlimeVolley-v0,tuned,random,v0,random policy,scalar/config tuning,dev,0,20,20,1.55,2.37645,2,-3,5,15,5,0,0.75,1.55,13686,0.745784,pass,not_recorded,088c70f,3b1de978d4ab,4,9,SlimeVolley scalar search candidate 6/8 against random; no structural policy code changed.,No failure observed.,Select scalar config on development seeds using average opponent score with mean - 0 * std per opponent.
2026-05-24T18:45:35+00:00,SlimeVolley-v0,tuned,initial,v0,frozen heuristic,scalar/config tuning,dev,0,20,20,0,2.46982,0,-5,5,10,10,0,0.5,0.0,15709,0.753497,pass,not_recorded,088c70f,3b1de978d4ab,4,9,SlimeVolley scalar search candidate 6/8 against initial; no structural policy code changed.,No failure observed.,Select scalar config on development seeds using average opponent score with mean - 0 * std per opponent.
2026-05-24T18:45:35+00:00,SlimeVolley-v0,tuned,improved-v0,v0,archived heuristic,scalar/config tuning,dev,0,20,20,-0.7,2.17025,-1,-5,4,6,14,0,0.3,-0.7,16235,0.805942,pass,not_recorded,088c70f,3b1de978d4ab,4,9,SlimeVolley scalar search candidate 6/8 against improved-v0; no structural policy code changed.,No failure observed.,Select scalar config on development seeds using average opponent score with mean - 0 * std per opponent.
2026-05-24T18:45:36+00:00,SlimeVolley-v0,tuned,builtin,slimevolleygym-baseline-rnn,built-in baseline,scalar/config tuning,dev,0,20,20,-4.95,0.217945,-5,-5,-4,0,20,0,0.0,-4.95,14130,0.653057,pass,not_recorded,088c70f,3b1de978d4ab,4,9,SlimeVolley scalar search candidate 7/8 against builtin; no structural policy code changed.,No failure observed.,Select scalar config on development seeds using average opponent score with mean - 0 * std per opponent.
2026-05-24T18:45:37+00:00,SlimeVolley-v0,tuned,random,v0,random policy,scalar/config tuning,dev,0,20,20,2.45,2.15581,3,-3,5,17,3,0,0.85,2.45,13487,0.700232,pass,not_recorded,088c70f,3b1de978d4ab,4,9,SlimeVolley scalar search candidate 7/8 against random; no structural policy code changed.,No failure observed.,Select scalar config on development seeds using average opponent score with mean - 0 * std per opponent.
2026-05-24T18:45:38+00:00,SlimeVolley-v0,tuned,initial,v0,frozen heuristic,scalar/config tuning,dev,0,20,20,0.85,2.53525,1,-5,5,13,7,0,0.65,0.85,16057,0.754889,pass,not_recorded,088c70f,3b1de978d4ab,4,9,SlimeVolley scalar search candidate 7/8 against initial; no structural policy code changed.,No failure observed.,Select scalar config on development seeds using average opponent score with mean - 0 * std per opponent.
2026-05-24T18:45:38+00:00,SlimeVolley-v0,tuned,improved-v0,v0,archived heuristic,scalar/config tuning,dev,0,20,20,0.6,2.13073,1,-4,3,12,8,0,0.6,0.6,17164,0.816746,pass,not_recorded,088c70f,3b1de978d4ab,4,9,SlimeVolley scalar search candidate 7/8 against improved-v0; no structural policy code changed.,No failure observed.,Select scalar config on development seeds using average opponent score with mean - 0 * std per opponent.
2026-05-24T18:45:39+00:00,SlimeVolley-v0,tuned,builtin,slimevolleygym-baseline-rnn,built-in baseline,scalar/config tuning,dev,0,20,20,-4.9,0.3,-5,-5,-4,0,20,0,0.0,-4.9,13436,0.610274,pass,not_recorded,088c70f,3b1de978d4ab,4,9,SlimeVolley scalar search candidate 8/8 against builtin; no structural policy code changed.,No failure observed.,Select scalar config on development seeds using average opponent score with mean - 0 * std per opponent.
2026-05-24T18:45:40+00:00,SlimeVolley-v0,tuned,random,v0,random policy,scalar/config tuning,dev,0,20,20,2,2.50998,2.5,-4,5,16,4,0,0.8,2.0,13202,0.714837,pass,not_recorded,088c70f,3b1de978d4ab,4,9,SlimeVolley scalar search candidate 8/8 against random; no structural policy code changed.,No failure observed.,Select scalar config on development seeds using average opponent score with mean - 0 * std per opponent.
2026-05-24T18:45:41+00:00,SlimeVolley-v0,tuned,initial,v0,frozen heuristic,scalar/config tuning,dev,0,20,20,0.3,2.5318,1,-5,5,11,9,0,0.55,0.3,15831,0.751651,pass,not_recorded,088c70f,3b1de978d4ab,4,9,SlimeVolley scalar search candidate 8/8 against initial; no structural policy code changed.,No failure observed.,Select scalar config on development seeds using average opponent score with mean - 0 * std per opponent.
2026-05-24T18:45:41+00:00,SlimeVolley-v0,tuned,improved-v0,v0,archived heuristic,scalar/config tuning,dev,0,20,20,-0.15,2.4551,-1,-5,4,8,12,0,0.4,-0.15,16341,0.788098,pass,not_recorded,088c70f,3b1de978d4ab,4,9,SlimeVolley scalar search candidate 8/8 against improved-v0; no structural policy code changed.,No failure observed.,Select scalar config on development seeds using average opponent score with mean - 0 * std per opponent.
2026-05-24T18:50:36+00:00,SlimeVolley-v0,improved,builtin,slimevolleygym-baseline-rnn,built-in baseline,structural policy improvement,dev,0,20,20,-5,0,-5,-5,-5,0,20,0,0.0,-5.0,21625,1.185129,pass,not_recorded,088c70f,3b1de978d4ab,5,10,Structural SlimeVolley policy update: add low-ball rescue mode that targets the actual ball x-position for late descending balls; evaluate against builtin on fixed dev seeds 0..19.,Trace diagnosis showed late descending balls landing in front of the agent while the previous controller backed up toward a predicted future x.,"If broad opponent-pool score improves but built-in remains unsolved, next structural iteration should target built-in serve/return patterns rather than low-ball pickup."
2026-05-24T18:50:37+00:00,SlimeVolley-v0,improved,random,v0,random policy,structural policy improvement,dev,0,20,20,3.1,2.18861,4,-2,5,18,2,0,0.9,3.1,13785,0.751512,pass,not_recorded,088c70f,3b1de978d4ab,5,10,Structural SlimeVolley policy update: add low-ball rescue mode that targets the actual ball x-position for late descending balls; evaluate against random on fixed dev seeds 0..19.,Trace diagnosis showed late descending balls landing in front of the agent while the previous controller backed up toward a predicted future x.,"If broad opponent-pool score improves but built-in remains unsolved, next structural iteration should target built-in serve/return patterns rather than low-ball pickup."
2026-05-24T18:50:37+00:00,SlimeVolley-v0,improved,initial,v0,frozen heuristic,structural policy improvement,dev,0,20,20,2.7,2.1,3,-3,5,18,2,0,0.9,2.7,15859,0.78164,pass,not_recorded,088c70f,3b1de978d4ab,5,10,Structural SlimeVolley policy update: add low-ball rescue mode that targets the actual ball x-position for late descending balls; evaluate against initial on fixed dev seeds 0..19.,Trace diagnosis showed late descending balls landing in front of the agent while the previous controller backed up toward a predicted future x.,"If broad opponent-pool score improves but built-in remains unsolved, next structural iteration should target built-in serve/return patterns rather than low-ball pickup."
2026-05-24T18:50:39+00:00,SlimeVolley-v0,improved,improved-v0,v0,archived heuristic,structural policy improvement,dev,0,20,20,0.35,2.35106,-1,-3,4,9,11,0,0.45,0.35,23401,1.136501,pass,not_recorded,088c70f,3b1de978d4ab,5,10,Structural SlimeVolley policy update: add low-ball rescue mode that targets the actual ball x-position for late descending balls; evaluate against improved-v0 on fixed dev seeds 0..19.,Trace diagnosis showed late descending balls landing in front of the agent while the previous controller backed up toward a predicted future x.,"If broad opponent-pool score improves but built-in remains unsolved, next structural iteration should target built-in serve/return patterns rather than low-ball pickup."
2026-05-24T18:51:49+00:00,SlimeVolley-v0,improved,improved-v0,v0,archived heuristic,bug fix,dev,0,20,20,2.65,2.08026,3,-3,5,18,2,0,0.9,2.65,16270,1.013776,pass,not_recorded,088c70f,b472d78b68a6,5,11,Re-evaluate improved against frozen improved-v0 archive after fixing archived opponent construction.,Previous improved-v0 opponent rows after the low-ball-rescue edit were contaminated because improved-v0 was constructed from the live structural policy instead of a frozen archive.,Use these corrected rows for archive-regression comparisons; keep the contaminated historical rows visible in the ledger.
2026-05-24T18:51:50+00:00,SlimeVolley-v0,tuned,improved-v0,v0,archived heuristic,bug fix,dev,0,20,20,1.2,2.13542,2,-4,4,15,5,0,0.75,1.2,17453,0.86672,pass,not_recorded,088c70f,b472d78b68a6,5,11,Re-evaluate tuned against frozen improved-v0 archive after fixing archived opponent construction.,Previous improved-v0 opponent rows after the low-ball-rescue edit were contaminated because improved-v0 was constructed from the live structural policy instead of a frozen archive.,Use these corrected rows for archive-regression comparisons; keep the contaminated historical rows visible in the ledger.
2026-05-24T18:56:10+00:00,SlimeVolley-v0,improved,builtin,slimevolleygym-baseline-rnn,built-in baseline,logging/diagnostics change,dev,0,20,20,-5,0,-5,-5,-5,0,20,0,0.0,-5.0,21625,1.271573,pass,not_recorded,088c70f,b472d78b68a6,6,12,Add point-event diagnostics for improved SlimeVolley policy against built-in opponent on fixed dev seeds.,Built-in opponent remains unsolved after low-ball rescue; this run records per-point state/action diagnostics for targeted failure analysis.,"Use point-event traces to identify whether next structural change should target serve, net attack, or defensive positioning."
2026-05-24T18:58:54+00:00,SlimeVolley-v0,baseline-rnn,builtin,slimevolleygym-baseline-rnn,built-in baseline,neural/RL baseline,dev,0,20,20,-0.2,1.4,0,-3,4,2,6,12,0.1,-0.2,60000,2.924429,pass,not_recorded,088c70f,47d43d07bb5a,6,13,Evaluate slimevolleygym built-in 120-parameter RNN as baseline-rnn comparator against builtin on fixed dev seeds.,"No failure observed; this is a pretrained neural/RNN comparator, not a heuristic policy improvement.",Use baseline-rnn to bound how far transparent heuristics remain from the shipped neural baseline before any holdout run.
2026-05-24T18:58:55+00:00,SlimeVolley-v0,baseline-rnn,random,v0,random policy,neural/RL baseline,dev,0,20,20,4.9,0.3,5,4,5,20,0,0,1.0,4.9,10717,0.61453,pass,not_recorded,088c70f,47d43d07bb5a,6,13,Evaluate slimevolleygym built-in 120-parameter RNN as baseline-rnn comparator against random on fixed dev seeds.,"No failure observed; this is a pretrained neural/RNN comparator, not a heuristic policy improvement.",Use baseline-rnn to bound how far transparent heuristics remain from the shipped neural baseline before any holdout run.
2026-05-24T18:58:55+00:00,SlimeVolley-v0,baseline-rnn,initial,v0,frozen heuristic,neural/RL baseline,dev,0,20,20,4.85,0.357071,5,4,5,20,0,0,1.0,4.85,12169,0.631268,pass,not_recorded,088c70f,47d43d07bb5a,6,13,Evaluate slimevolleygym built-in 120-parameter RNN as baseline-rnn comparator against initial on fixed dev seeds.,"No failure observed; this is a pretrained neural/RNN comparator, not a heuristic policy improvement.",Use baseline-rnn to bound how far transparent heuristics remain from the shipped neural baseline before any holdout run.
2026-05-24T18:58:56+00:00,SlimeVolley-v0,baseline-rnn,improved-v0,v0,archived heuristic,neural/RL baseline,dev,0,20,20,4.9,0.3,5,4,5,20,0,0,1.0,4.9,12761,0.677847,pass,not_recorded,088c70f,47d43d07bb5a,6,13,Evaluate slimevolleygym built-in 120-parameter RNN as baseline-rnn comparator against improved-v0 on fixed dev seeds.,"No failure observed; this is a pretrained neural/RNN comparator, not a heuristic policy improvement.",Use baseline-rnn to bound how far transparent heuristics remain from the shipped neural baseline before any holdout run.
2026-05-24T19:15:16+00:00,SlimeVolley-v0,random,random,v0,random policy,evaluation-harness change,dev,0,20,20,-0.15,2.61295,0,-5,4,10,10,0,0.5,-0.15,12947,0.889439,pass,not_recorded,088c70f,80e0d0c77375,7,18,SlimeVolley round-robin tournament matchup 1/16: random vs random; no policy code changed.,No failure observed.,Use round-robin standings to detect exploitability and regressions across archived policy versions.
2026-05-24T19:15:16+00:00,SlimeVolley-v0,random,initial,v0,frozen heuristic,evaluation-harness change,dev,0,20,20,-2.25,1.66958,-2,-5,2,2,18,0,0.1,-2.25,13848,0.784562,pass,not_recorded,088c70f,80e0d0c77375,7,18,SlimeVolley round-robin tournament matchup 2/16: random vs initial; no policy code changed.,No failure observed.,Use round-robin standings to detect exploitability and regressions across archived policy versions.
2026-05-24T19:15:17+00:00,SlimeVolley-v0,random,improved-v0,v0,archived heuristic,evaluation-harness change,dev,0,20,20,-2.5,1.5,-2.5,-5,2,1,19,0,0.05,-2.5,13949,0.810774,pass,not_recorded,088c70f,80e0d0c77375,7,18,SlimeVolley round-robin tournament matchup 3/16: random vs improved-v0; no policy code changed.,No failure observed.,Use round-robin standings to detect exploitability and regressions across archived policy versions.
2026-05-24T19:15:18+00:00,SlimeVolley-v0,random,improved,current,current heuristic,evaluation-harness change,dev,0,20,20,-2.9,1.60935,-3,-5,2,1,19,0,0.05,-2.9,14488,0.835575,pass,not_recorded,088c70f,80e0d0c77375,7,18,SlimeVolley round-robin tournament matchup 4/16: random vs improved; no policy code changed.,No failure observed.,Use round-robin standings to detect exploitability and regressions across archived policy versions.
2026-05-24T19:15:19+00:00,SlimeVolley-v0,initial,random,v0,random policy,evaluation-harness change,dev,0,20,20,1.9,2.46779,2,-3,5,16,4,0,0.8,1.9,13432,0.771284,pass,not_recorded,088c70f,80e0d0c77375,7,18,SlimeVolley round-robin tournament matchup 5/16: initial vs random; no policy code changed.,No failure observed.,Use round-robin standings to detect exploitability and regressions across archived policy versions.
2026-05-24T19:15:20+00:00,SlimeVolley-v0,initial,initial,v0,frozen heuristic,evaluation-harness change,dev,0,20,20,0.25,2.50749,1,-5,5,11,9,0,0.55,0.25,16067,0.819107,pass,not_recorded,088c70f,80e0d0c77375,7,18,SlimeVolley round-robin tournament matchup 6/16: initial vs initial; no policy code changed.,No failure observed.,Use round-robin standings to detect exploitability and regressions across archived policy versions.
2026-05-24T19:15:21+00:00,SlimeVolley-v0,initial,improved-v0,v0,archived heuristic,evaluation-harness change,dev,0,20,20,-0.15,2.47538,-1,-5,4,8,12,0,0.4,-0.15,16379,0.84044,pass,not_recorded,088c70f,80e0d0c77375,7,18,SlimeVolley round-robin tournament matchup 7/16: initial vs improved-v0; no policy code changed.,No failure observed.,Use round-robin standings to detect exploitability and regressions across archived policy versions.
2026-05-24T19:15:22+00:00,SlimeVolley-v0,initial,improved,current,current heuristic,evaluation-harness change,dev,0,20,20,-2.5,1.96214,-3,-5,2,3,17,0,0.15,-2.5,16544,0.843746,pass,not_recorded,088c70f,80e0d0c77375,7,18,SlimeVolley round-robin tournament matchup 8/16: initial vs improved; no policy code changed.,No failure observed.,Use round-robin standings to detect exploitability and regressions across archived policy versions.
2026-05-24T19:15:22+00:00,SlimeVolley-v0,improved-v0,random,v0,random policy,evaluation-harness change,dev,0,20,20,1.6,3.00666,3,-4,5,13,7,0,0.65,1.6,13098,0.771692,pass,not_recorded,088c70f,80e0d0c77375,7,18,SlimeVolley round-robin tournament matchup 9/16: improved-v0 vs random; no policy code changed.,No failure observed.,Use round-robin standings to detect exploitability and regressions across archived policy versions.
2026-05-24T19:15:23+00:00,SlimeVolley-v0,improved-v0,initial,v0,frozen heuristic,evaluation-harness change,dev,0,20,20,0.4,2.67208,1.5,-5,4,11,9,0,0.55,0.4,15396,0.773973,pass,not_recorded,088c70f,80e0d0c77375,7,18,SlimeVolley round-robin tournament matchup 10/16: improved-v0 vs initial; no policy code changed.,No failure observed.,Use round-robin standings to detect exploitability and regressions across archived policy versions.
2026-05-24T19:15:24+00:00,SlimeVolley-v0,improved-v0,improved-v0,v0,archived heuristic,evaluation-harness change,dev,0,20,20,0.25,2.75454,0,-5,4,10,10,0,0.5,0.25,15625,0.831966,pass,not_recorded,088c70f,80e0d0c77375,7,18,SlimeVolley round-robin tournament matchup 11/16: improved-v0 vs improved-v0; no policy code changed.,No failure observed.,Use round-robin standings to detect exploitability and regressions across archived policy versions.
2026-05-24T19:15:25+00:00,SlimeVolley-v0,improved-v0,improved,current,current heuristic,evaluation-harness change,dev,0,20,20,-2.35,1.82414,-2.5,-5,2,2,18,0,0.1,-2.35,16865,0.851725,pass,not_recorded,088c70f,80e0d0c77375,7,18,SlimeVolley round-robin tournament matchup 12/16: improved-v0 vs improved; no policy code changed.,No failure observed.,Use round-robin standings to detect exploitability and regressions across archived policy versions.
2026-05-24T19:15:26+00:00,SlimeVolley-v0,improved,random,v0,random policy,evaluation-harness change,dev,0,20,20,3.1,2.18861,4,-2,5,18,2,0,0.9,3.1,13785,0.77901,pass,not_recorded,088c70f,80e0d0c77375,7,18,SlimeVolley round-robin tournament matchup 13/16: improved vs random; no policy code changed.,No failure observed.,Use round-robin standings to detect exploitability and regressions across archived policy versions.
2026-05-24T19:15:27+00:00,SlimeVolley-v0,improved,initial,v0,frozen heuristic,evaluation-harness change,dev,0,20,20,2.7,2.1,3,-3,5,18,2,0,0.9,2.7,15859,0.813311,pass,not_recorded,088c70f,80e0d0c77375,7,18,SlimeVolley round-robin tournament matchup 14/16: improved vs initial; no policy code changed.,No failure observed.,Use round-robin standings to detect exploitability and regressions across archived policy versions.
2026-05-24T19:15:28+00:00,SlimeVolley-v0,improved,improved-v0,v0,archived heuristic,evaluation-harness change,dev,0,20,20,2.65,2.08026,3,-3,5,18,2,0,0.9,2.65,16270,0.842755,pass,not_recorded,088c70f,80e0d0c77375,7,18,SlimeVolley round-robin tournament matchup 15/16: improved vs improved-v0; no policy code changed.,No failure observed.,Use round-robin standings to detect exploitability and regressions across archived policy versions.
2026-05-24T19:15:29+00:00,SlimeVolley-v0,improved,improved,current,current heuristic,evaluation-harness change,dev,0,20,20,0.35,2.35106,-1,-3,4,9,11,0,0.45,0.35,23401,1.199388,pass,not_recorded,088c70f,80e0d0c77375,7,18,SlimeVolley round-robin tournament matchup 16/16: improved vs improved; no policy code changed.,No failure observed.,Use round-robin standings to detect exploitability and regressions across archived policy versions.
2026-05-24T19:23:11+00:00,SlimeVolley-v0,improved,builtin,slimevolleygym-baseline-rnn,built-in baseline,structural policy improvement,dev,0,20,20,-5,0,-5,-5,-5,0,20,0,0.0,-5.0,21625,1.202186,pass,not_recorded,088c70f,e7cfaf2bdc5b,8,22,Evaluate structural late_low_ball_guard change against fixed dev seeds 0..19; opponent=builtin. The previous current policy is frozen as improved-v1.,Pending comparison across opponent pool; this row records the fixed-seed outcome without holdout use.,"If built-in losses remain near -5, the failure is not only late airborne jumping; inspect serve/return timing and contact geometry next."
2026-05-24T19:23:11+00:00,SlimeVolley-v0,improved,random,v0,random policy,structural policy improvement,dev,0,20,20,3.1,2.18861,4,-2,5,18,2,0,0.9,3.1,13785,0.75508,pass,not_recorded,088c70f,e7cfaf2bdc5b,8,22,Evaluate structural late_low_ball_guard change against fixed dev seeds 0..19; opponent=random. The previous current policy is frozen as improved-v1.,Pending comparison across opponent pool; this row records the fixed-seed outcome without holdout use.,"If built-in losses remain near -5, the failure is not only late airborne jumping; inspect serve/return timing and contact geometry next."
2026-05-24T19:23:12+00:00,SlimeVolley-v0,improved,initial,v0,frozen heuristic,structural policy improvement,dev,0,20,20,2.7,2.1,3,-3,5,18,2,0,0.9,2.7,15859,0.79273,pass,not_recorded,088c70f,e7cfaf2bdc5b,8,22,Evaluate structural late_low_ball_guard change against fixed dev seeds 0..19; opponent=initial. The previous current policy is frozen as improved-v1.,Pending comparison across opponent pool; this row records the fixed-seed outcome without holdout use.,"If built-in losses remain near -5, the failure is not only late airborne jumping; inspect serve/return timing and contact geometry next."
2026-05-24T19:23:13+00:00,SlimeVolley-v0,improved,improved-v0,v0,archived heuristic,structural policy improvement,dev,0,20,20,2.65,2.08026,3,-3,5,18,2,0,0.9,2.65,16270,0.813587,pass,not_recorded,088c70f,e7cfaf2bdc5b,8,22,Evaluate structural late_low_ball_guard change against fixed dev seeds 0..19; opponent=improved-v0. The previous current policy is frozen as improved-v1.,Pending comparison across opponent pool; this row records the fixed-seed outcome without holdout use.,"If built-in losses remain near -5, the failure is not only late airborne jumping; inspect serve/return timing and contact geometry next."
2026-05-24T19:23:14+00:00,SlimeVolley-v0,improved,improved-v1,v1,archived heuristic,structural policy improvement,dev,0,20,20,0.35,2.35106,-1,-3,4,9,11,0,0.45,0.35,23401,1.170145,pass,not_recorded,088c70f,e7cfaf2bdc5b,8,22,Evaluate structural late_low_ball_guard change against fixed dev seeds 0..19; opponent=improved-v1. The previous current policy is frozen as improved-v1.,Pending comparison across opponent pool; this row records the fixed-seed outcome without holdout use.,"If built-in losses remain near -5, the failure is not only late airborne jumping; inspect serve/return timing and contact geometry next."
2026-05-24T19:23:16+00:00,SlimeVolley-v0,improved,improved,current,current heuristic,structural policy improvement,dev,0,20,20,0.35,2.35106,-1,-3,4,9,11,0,0.45,0.35,23401,1.171965,pass,not_recorded,088c70f,e7cfaf2bdc5b,8,22,Evaluate structural late_low_ball_guard change against fixed dev seeds 0..19; opponent=improved. The previous current policy is frozen as improved-v1.,Pending comparison across opponent pool; this row records the fixed-seed outcome without holdout use.,"If built-in losses remain near -5, the failure is not only late airborne jumping; inspect serve/return timing and contact geometry next."
2026-05-24T19:23:34+00:00,SlimeVolley-v0,random,random,v0,random policy,evaluation-harness change,dev,0,20,20,-0.15,2.61295,0,-5,4,10,10,0,0.5,-0.15,12947,0.870304,pass,not_recorded,088c70f,e7cfaf2bdc5b,8,22,SlimeVolley round-robin tournament matchup 1/25: random vs random; no policy code changed.,No failure observed.,Use round-robin standings to detect exploitability and regressions across archived policy versions.
2026-05-24T19:23:35+00:00,SlimeVolley-v0,random,initial,v0,frozen heuristic,evaluation-harness change,dev,0,20,20,-2.25,1.66958,-2,-5,2,2,18,0,0.1,-2.25,13848,0.762612,pass,not_recorded,088c70f,e7cfaf2bdc5b,8,22,SlimeVolley round-robin tournament matchup 2/25: random vs initial; no policy code changed.,No failure observed.,Use round-robin standings to detect exploitability and regressions across archived policy versions.
2026-05-24T19:23:36+00:00,SlimeVolley-v0,random,improved-v0,v0,archived heuristic,evaluation-harness change,dev,0,20,20,-2.5,1.5,-2.5,-5,2,1,19,0,0.05,-2.5,13949,0.76314,pass,not_recorded,088c70f,e7cfaf2bdc5b,8,22,SlimeVolley round-robin tournament matchup 3/25: random vs improved-v0; no policy code changed.,No failure observed.,Use round-robin standings to detect exploitability and regressions across archived policy versions.
2026-05-24T19:23:37+00:00,SlimeVolley-v0,random,improved-v1,v1,archived heuristic,evaluation-harness change,dev,0,20,20,-2.9,1.60935,-3,-5,2,1,19,0,0.05,-2.9,14488,0.817276,pass,not_recorded,088c70f,e7cfaf2bdc5b,8,22,SlimeVolley round-robin tournament matchup 4/25: random vs improved-v1; no policy code changed.,No failure observed.,Use round-robin standings to detect exploitability and regressions across archived policy versions.
2026-05-24T19:23:38+00:00,SlimeVolley-v0,random,improved,current,current heuristic,evaluation-harness change,dev,0,20,20,-2.9,1.60935,-3,-5,2,1,19,0,0.05,-2.9,14488,0.826252,pass,not_recorded,088c70f,e7cfaf2bdc5b,8,22,SlimeVolley round-robin tournament matchup 5/25: random vs improved; no policy code changed.,No failure observed.,Use round-robin standings to detect exploitability and regressions across archived policy versions.
2026-05-24T19:23:39+00:00,SlimeVolley-v0,initial,random,v0,random policy,evaluation-harness change,dev,0,20,20,1.9,2.46779,2,-3,5,16,4,0,0.8,1.9,13432,0.742156,pass,not_recorded,088c70f,e7cfaf2bdc5b,8,22,SlimeVolley round-robin tournament matchup 6/25: initial vs random; no policy code changed.,No failure observed.,Use round-robin standings to detect exploitability and regressions across archived policy versions.
2026-05-24T19:23:39+00:00,SlimeVolley-v0,initial,initial,v0,frozen heuristic,evaluation-harness change,dev,0,20,20,0.25,2.50749,1,-5,5,11,9,0,0.55,0.25,16067,0.786014,pass,not_recorded,088c70f,e7cfaf2bdc5b,8,22,SlimeVolley round-robin tournament matchup 7/25: initial vs initial; no policy code changed.,No failure observed.,Use round-robin standings to detect exploitability and regressions across archived policy versions.
2026-05-24T19:23:40+00:00,SlimeVolley-v0,initial,improved-v0,v0,archived heuristic,evaluation-harness change,dev,0,20,20,-0.15,2.47538,-1,-5,4,8,12,0,0.4,-0.15,16379,0.818688,pass,not_recorded,088c70f,e7cfaf2bdc5b,8,22,SlimeVolley round-robin tournament matchup 8/25: initial vs improved-v0; no policy code changed.,No failure observed.,Use round-robin standings to detect exploitability and regressions across archived policy versions.
2026-05-24T19:23:41+00:00,SlimeVolley-v0,initial,improved-v1,v1,archived heuristic,evaluation-harness change,dev,0,20,20,-2.5,1.96214,-3,-5,2,3,17,0,0.15,-2.5,16544,0.809182,pass,not_recorded,088c70f,e7cfaf2bdc5b,8,22,SlimeVolley round-robin tournament matchup 9/25: initial vs improved-v1; no policy code changed.,No failure observed.,Use round-robin standings to detect exploitability and regressions across archived policy versions.
2026-05-24T19:23:42+00:00,SlimeVolley-v0,initial,improved,current,current heuristic,evaluation-harness change,dev,0,20,20,-2.5,1.96214,-3,-5,2,3,17,0,0.15,-2.5,16544,0.827219,pass,not_recorded,088c70f,e7cfaf2bdc5b,8,22,SlimeVolley round-robin tournament matchup 10/25: initial vs improved; no policy code changed.,No failure observed.,Use round-robin standings to detect exploitability and regressions across archived policy versions.
2026-05-24T19:23:43+00:00,SlimeVolley-v0,improved-v0,random,v0,random policy,evaluation-harness change,dev,0,20,20,1.6,3.00666,3,-4,5,13,7,0,0.65,1.6,13098,0.748584,pass,not_recorded,088c70f,e7cfaf2bdc5b,8,22,SlimeVolley round-robin tournament matchup 11/25: improved-v0 vs random; no policy code changed.,No failure observed.,Use round-robin standings to detect exploitability and regressions across archived policy versions.
2026-05-24T19:23:44+00:00,SlimeVolley-v0,improved-v0,initial,v0,frozen heuristic,evaluation-harness change,dev,0,20,20,0.4,2.67208,1.5,-5,4,11,9,0,0.55,0.4,15396,0.769614,pass,not_recorded,088c70f,e7cfaf2bdc5b,8,22,SlimeVolley round-robin tournament matchup 12/25: improved-v0 vs initial; no policy code changed.,No failure observed.,Use round-robin standings to detect exploitability and regressions across archived policy versions.
2026-05-24T19:23:45+00:00,SlimeVolley-v0,improved-v0,improved-v0,v0,archived heuristic,evaluation-harness change,dev,0,20,20,0.25,2.75454,0,-5,4,10,10,0,0.5,0.25,15625,0.803722,pass,not_recorded,088c70f,e7cfaf2bdc5b,8,22,SlimeVolley round-robin tournament matchup 13/25: improved-v0 vs improved-v0; no policy code changed.,No failure observed.,Use round-robin standings to detect exploitability and regressions across archived policy versions.
2026-05-24T19:23:46+00:00,SlimeVolley-v0,improved-v0,improved-v1,v1,archived heuristic,evaluation-harness change,dev,0,20,20,-2.35,1.82414,-2.5,-5,2,2,18,0,0.1,-2.35,16865,0.841441,pass,not_recorded,088c70f,e7cfaf2bdc5b,8,22,SlimeVolley round-robin tournament matchup 14/25: improved-v0 vs improved-v1; no policy code changed.,No failure observed.,Use round-robin standings to detect exploitability and regressions across archived policy versions.
2026-05-24T19:23:46+00:00,SlimeVolley-v0,improved-v0,improved,current,current heuristic,evaluation-harness change,dev,0,20,20,-2.35,1.82414,-2.5,-5,2,2,18,0,0.1,-2.35,16865,0.826511,pass,not_recorded,088c70f,e7cfaf2bdc5b,8,22,SlimeVolley round-robin tournament matchup 15/25: improved-v0 vs improved; no policy code changed.,No failure observed.,Use round-robin standings to detect exploitability and regressions across archived policy versions.
2026-05-24T19:23:47+00:00,SlimeVolley-v0,improved-v1,random,v0,random policy,evaluation-harness change,dev,0,20,20,3.1,2.18861,4,-2,5,18,2,0,0.9,3.1,13785,0.777581,pass,not_recorded,088c70f,e7cfaf2bdc5b,8,22,SlimeVolley round-robin tournament matchup 16/25: improved-v1 vs random; no policy code changed.,No failure observed.,Use round-robin standings to detect exploitability and regressions across archived policy versions.
2026-05-24T19:23:48+00:00,SlimeVolley-v0,improved-v1,initial,v0,frozen heuristic,evaluation-harness change,dev,0,20,20,2.7,2.1,3,-3,5,18,2,0,0.9,2.7,15859,0.779601,pass,not_recorded,088c70f,e7cfaf2bdc5b,8,22,SlimeVolley round-robin tournament matchup 17/25: improved-v1 vs initial; no policy code changed.,No failure observed.,Use round-robin standings to detect exploitability and regressions across archived policy versions.
2026-05-24T19:23:49+00:00,SlimeVolley-v0,improved-v1,improved-v0,v0,archived heuristic,evaluation-harness change,dev,0,20,20,2.65,2.08026,3,-3,5,18,2,0,0.9,2.65,16270,0.827147,pass,not_recorded,088c70f,e7cfaf2bdc5b,8,22,SlimeVolley round-robin tournament matchup 18/25: improved-v1 vs improved-v0; no policy code changed.,No failure observed.,Use round-robin standings to detect exploitability and regressions across archived policy versions.
2026-05-24T19:23:50+00:00,SlimeVolley-v0,improved-v1,improved-v1,v1,archived heuristic,evaluation-harness change,dev,0,20,20,0.35,2.35106,-1,-3,4,9,11,0,0.45,0.35,23401,1.180353,pass,not_recorded,088c70f,e7cfaf2bdc5b,8,22,SlimeVolley round-robin tournament matchup 19/25: improved-v1 vs improved-v1; no policy code changed.,No failure observed.,Use round-robin standings to detect exploitability and regressions across archived policy versions.
2026-05-24T19:23:52+00:00,SlimeVolley-v0,improved-v1,improved,current,current heuristic,evaluation-harness change,dev,0,20,20,0.35,2.35106,-1,-3,4,9,11,0,0.45,0.35,23401,1.168022,pass,not_recorded,088c70f,e7cfaf2bdc5b,8,22,SlimeVolley round-robin tournament matchup 20/25: improved-v1 vs improved; no policy code changed.,No failure observed.,Use round-robin standings to detect exploitability and regressions across archived policy versions.
2026-05-24T19:23:52+00:00,SlimeVolley-v0,improved,random,v0,random policy,evaluation-harness change,dev,0,20,20,3.1,2.18861,4,-2,5,18,2,0,0.9,3.1,13785,0.779488,pass,not_recorded,088c70f,e7cfaf2bdc5b,8,22,SlimeVolley round-robin tournament matchup 21/25: improved vs random; no policy code changed.,No failure observed.,Use round-robin standings to detect exploitability and regressions across archived policy versions.
2026-05-24T19:23:53+00:00,SlimeVolley-v0,improved,initial,v0,frozen heuristic,evaluation-harness change,dev,0,20,20,2.7,2.1,3,-3,5,18,2,0,0.9,2.7,15859,0.780563,pass,not_recorded,088c70f,e7cfaf2bdc5b,8,22,SlimeVolley round-robin tournament matchup 22/25: improved vs initial; no policy code changed.,No failure observed.,Use round-robin standings to detect exploitability and regressions across archived policy versions.
2026-05-24T19:23:54+00:00,SlimeVolley-v0,improved,improved-v0,v0,archived heuristic,evaluation-harness change,dev,0,20,20,2.65,2.08026,3,-3,5,18,2,0,0.9,2.65,16270,0.81564,pass,not_recorded,088c70f,e7cfaf2bdc5b,8,22,SlimeVolley round-robin tournament matchup 23/25: improved vs improved-v0; no policy code changed.,No failure observed.,Use round-robin standings to detect exploitability and regressions across archived policy versions.
2026-05-24T19:23:55+00:00,SlimeVolley-v0,improved,improved-v1,v1,archived heuristic,evaluation-harness change,dev,0,20,20,0.35,2.35106,-1,-3,4,9,11,0,0.45,0.35,23401,1.154446,pass,not_recorded,088c70f,e7cfaf2bdc5b,8,22,SlimeVolley round-robin tournament matchup 24/25: improved vs improved-v1; no policy code changed.,No failure observed.,Use round-robin standings to detect exploitability and regressions across archived policy versions.
2026-05-24T19:23:57+00:00,SlimeVolley-v0,improved,improved,current,current heuristic,evaluation-harness change,dev,0,20,20,0.35,2.35106,-1,-3,4,9,11,0,0.45,0.35,23401,1.165062,pass,not_recorded,088c70f,e7cfaf2bdc5b,8,22,SlimeVolley round-robin tournament matchup 25/25: improved vs improved; no policy code changed.,No failure observed.,Use round-robin standings to detect exploitability and regressions across archived policy versions.
2026-05-24T19:24:24+00:00,SlimeVolley-v0,improved-v1,builtin,slimevolleygym-baseline-rnn,built-in baseline,structural policy improvement,dev,0,20,20,-5,0,-5,-5,-5,0,20,0,0.0,-5.0,21625,1.240031,pass,not_recorded,088c70f,e7cfaf2bdc5b,8,22,Evaluate frozen improved-v1 archive against built-in opponent on dev seeds 0..19 to compare the late_low_ball_guard structural edit against its immediate predecessor.,Archived improved-v1 also loses all 20 dev episodes against the built-in opponent; late_low_ball_guard did not worsen or solve this failure mode.,"The built-in failure likely requires earlier serve/return positioning or contact-timing logic, not only suppressing late airborne jumps."
2026-05-24T19:29:06+00:00,SlimeVolley-v0,improved,builtin,slimevolleygym-baseline-rnn,built-in baseline,logging/diagnostics,dev,0,20,20,-5,0,-5,-5,-5,0,20,0,0.0,-5.0,21625,1.397049,pass,not_recorded,088c70f,e7cfaf2bdc5b,9,24,Add and exercise six-frame pre-point trace diagnostics for improved vs built-in on fixed dev seeds 0..19; no policy behavior changed in this trial.,Diagnostic row: current improved policy still loses all dev episodes against the built-in opponent. The new trace window is intended to identify earlier serve/return timing failures before the scoring frame.,"Use pre-point traces to decide whether the next structural change should target earlier contact positioning, jump timing, or serve/return phase logic."
2026-05-24T19:31:44+00:00,SlimeVolley-v0,improved,builtin,slimevolleygym-baseline-rnn,built-in baseline,logging/diagnostics change,dev,0,20,20,-5,0,-5,-5,-5,0,20,0,0.0,-5.0,21625,1.369076,pass,not_recorded,088c70f,e7cfaf2bdc5b,9,24,Repeat six-frame pre-point trace diagnostic for improved vs built-in on fixed dev seeds 0..19 using the canonical ledger taxonomy label. Previous traced row used noncanonical change_type=logging/diagnostics and is kept append-only.,"Diagnostic repeat confirms current improved policy still loses all dev episodes against the built-in opponent. The earlier trace row label was a taxonomy error, not a hidden policy failure.",Use the traced loss pattern to design an earlier low receive or contact-timing structural mode; do not optimize on holdout.
2026-05-24T19:36:24+00:00,SlimeVolley-v0,improved,builtin,slimevolleygym-baseline-rnn,built-in baseline,structural policy improvement,dev,0,20,20,-5,0,-5,-5,-5,0,20,0,0.0,-5.0,21625,1.233263,pass,not_recorded,088c70f,3dcb8c83ecb4,10,28,Evaluate structural grounded_low_receive change against fixed dev seeds 0..19; opponent=builtin. The previous current policy is frozen as improved-v2.,Pending comparison across opponent pool; this row records the fixed-seed outcome without holdout use.,"If built-in losses remain near -5, grounded low receive is insufficient and the next target should be earlier serve/receive positioning or contact timing."
2026-05-24T19:36:24+00:00,SlimeVolley-v0,improved,random,v0,random policy,structural policy improvement,dev,0,20,20,3.1,2.18861,4,-2,5,18,2,0,0.9,3.1,13785,0.797939,pass,not_recorded,088c70f,3dcb8c83ecb4,10,28,Evaluate structural grounded_low_receive change against fixed dev seeds 0..19; opponent=random. The previous current policy is frozen as improved-v2.,Pending comparison across opponent pool; this row records the fixed-seed outcome without holdout use.,"If built-in losses remain near -5, grounded low receive is insufficient and the next target should be earlier serve/receive positioning or contact timing."
2026-05-24T19:36:25+00:00,SlimeVolley-v0,improved,initial,v0,frozen heuristic,structural policy improvement,dev,0,20,20,2.7,2.1,3,-3,5,18,2,0,0.9,2.7,15859,0.805923,pass,not_recorded,088c70f,3dcb8c83ecb4,10,28,Evaluate structural grounded_low_receive change against fixed dev seeds 0..19; opponent=initial. The previous current policy is frozen as improved-v2.,Pending comparison across opponent pool; this row records the fixed-seed outcome without holdout use.,"If built-in losses remain near -5, grounded low receive is insufficient and the next target should be earlier serve/receive positioning or contact timing."
2026-05-24T19:36:26+00:00,SlimeVolley-v0,improved,improved-v0,v0,archived heuristic,structural policy improvement,dev,0,20,20,2.65,2.08026,3,-3,5,18,2,0,0.9,2.65,16270,0.831785,pass,not_recorded,088c70f,3dcb8c83ecb4,10,28,Evaluate structural grounded_low_receive change against fixed dev seeds 0..19; opponent=improved-v0. The previous current policy is frozen as improved-v2.,Pending comparison across opponent pool; this row records the fixed-seed outcome without holdout use.,"If built-in losses remain near -5, grounded low receive is insufficient and the next target should be earlier serve/receive positioning or contact timing."
2026-05-24T19:36:28+00:00,SlimeVolley-v0,improved,improved-v1,v1,archived heuristic,structural policy improvement,dev,0,20,20,0.35,2.35106,-1,-3,4,9,11,0,0.45,0.35,23401,1.215714,pass,not_recorded,088c70f,3dcb8c83ecb4,10,28,Evaluate structural grounded_low_receive change against fixed dev seeds 0..19; opponent=improved-v1. The previous current policy is frozen as improved-v2.,Pending comparison across opponent pool; this row records the fixed-seed outcome without holdout use.,"If built-in losses remain near -5, grounded low receive is insufficient and the next target should be earlier serve/receive positioning or contact timing."
2026-05-24T19:36:29+00:00,SlimeVolley-v0,improved,improved-v2,v2,archived heuristic,structural policy improvement,dev,0,20,20,0.35,2.35106,-1,-3,4,9,11,0,0.45,0.35,23401,1.255445,pass,not_recorded,088c70f,3dcb8c83ecb4,10,28,Evaluate structural grounded_low_receive change against fixed dev seeds 0..19; opponent=improved-v2. The previous current policy is frozen as improved-v2.,Pending comparison across opponent pool; this row records the fixed-seed outcome without holdout use.,"If built-in losses remain near -5, grounded low receive is insufficient and the next target should be earlier serve/receive positioning or contact timing."
2026-05-24T19:36:30+00:00,SlimeVolley-v0,improved,improved,current,current heuristic,structural policy improvement,dev,0,20,20,0.35,2.35106,-1,-3,4,9,11,0,0.45,0.35,23401,1.191489,pass,not_recorded,088c70f,3dcb8c83ecb4,10,28,Evaluate structural grounded_low_receive change against fixed dev seeds 0..19; opponent=improved. The previous current policy is frozen as improved-v2.,Pending comparison across opponent pool; this row records the fixed-seed outcome without holdout use.,"If built-in losses remain near -5, grounded low receive is insufficient and the next target should be earlier serve/receive positioning or contact timing."
2026-05-24T19:36:31+00:00,SlimeVolley-v0,improved-v2,builtin,slimevolleygym-baseline-rnn,built-in baseline,structural policy improvement,dev,0,20,20,-5,0,-5,-5,-5,0,20,0,0.0,-5.0,21625,1.03767,pass,not_recorded,088c70f,3dcb8c83ecb4,10,28,Evaluate frozen improved-v2 archive against built-in opponent on dev seeds 0..19 to compare grounded_low_receive against its immediate predecessor.,Frozen improved-v2 is the predecessor for grounded_low_receive comparison; this row supplies paired built-in evidence.,Compare improved and improved-v2 against built-in before deciding whether to keep grounded_low_receive.
2026-05-24T19:36:47+00:00,SlimeVolley-v0,random,random,v0,random policy,evaluation-harness change,dev,0,20,20,-0.15,2.61295,0,-5,4,10,10,0,0.5,-0.15,12947,0.8705,pass,not_recorded,088c70f,3dcb8c83ecb4,10,28,SlimeVolley round-robin tournament matchup 1/36: random vs random; no policy code changed.,No failure observed.,Use round-robin standings to detect exploitability and regressions across archived policy versions.
2026-05-24T19:36:48+00:00,SlimeVolley-v0,random,initial,v0,frozen heuristic,evaluation-harness change,dev,0,20,20,-2.25,1.66958,-2,-5,2,2,18,0,0.1,-2.25,13848,0.780373,pass,not_recorded,088c70f,3dcb8c83ecb4,10,28,SlimeVolley round-robin tournament matchup 2/36: random vs initial; no policy code changed.,No failure observed.,Use round-robin standings to detect exploitability and regressions across archived policy versions.
2026-05-24T19:36:49+00:00,SlimeVolley-v0,random,improved-v0,v0,archived heuristic,evaluation-harness change,dev,0,20,20,-2.5,1.5,-2.5,-5,2,1,19,0,0.05,-2.5,13949,0.778823,pass,not_recorded,088c70f,3dcb8c83ecb4,10,28,SlimeVolley round-robin tournament matchup 3/36: random vs improved-v0; no policy code changed.,No failure observed.,Use round-robin standings to detect exploitability and regressions across archived policy versions.
2026-05-24T19:36:49+00:00,SlimeVolley-v0,random,improved-v1,v1,archived heuristic,evaluation-harness change,dev,0,20,20,-2.9,1.60935,-3,-5,2,1,19,0,0.05,-2.9,14488,0.817146,pass,not_recorded,088c70f,3dcb8c83ecb4,10,28,SlimeVolley round-robin tournament matchup 4/36: random vs improved-v1; no policy code changed.,No failure observed.,Use round-robin standings to detect exploitability and regressions across archived policy versions.
2026-05-24T19:36:50+00:00,SlimeVolley-v0,random,improved-v2,v2,archived heuristic,evaluation-harness change,dev,0,20,20,-2.9,1.60935,-3,-5,2,1,19,0,0.05,-2.9,14488,0.817735,pass,not_recorded,088c70f,3dcb8c83ecb4,10,28,SlimeVolley round-robin tournament matchup 5/36: random vs improved-v2; no policy code changed.,No failure observed.,Use round-robin standings to detect exploitability and regressions across archived policy versions.
2026-05-24T19:36:51+00:00,SlimeVolley-v0,random,improved,current,current heuristic,evaluation-harness change,dev,0,20,20,-2.9,1.60935,-3,-5,2,1,19,0,0.05,-2.9,14488,0.808242,pass,not_recorded,088c70f,3dcb8c83ecb4,10,28,SlimeVolley round-robin tournament matchup 6/36: random vs improved; no policy code changed.,No failure observed.,Use round-robin standings to detect exploitability and regressions across archived policy versions.
2026-05-24T19:36:52+00:00,SlimeVolley-v0,initial,random,v0,random policy,evaluation-harness change,dev,0,20,20,1.9,2.46779,2,-3,5,16,4,0,0.8,1.9,13432,0.756305,pass,not_recorded,088c70f,3dcb8c83ecb4,10,28,SlimeVolley round-robin tournament matchup 7/36: initial vs random; no policy code changed.,No failure observed.,Use round-robin standings to detect exploitability and regressions across archived policy versions.
2026-05-24T19:36:53+00:00,SlimeVolley-v0,initial,initial,v0,frozen heuristic,evaluation-harness change,dev,0,20,20,0.25,2.50749,1,-5,5,11,9,0,0.55,0.25,16067,0.777425,pass,not_recorded,088c70f,3dcb8c83ecb4,10,28,SlimeVolley round-robin tournament matchup 8/36: initial vs initial; no policy code changed.,No failure observed.,Use round-robin standings to detect exploitability and regressions across archived policy versions.
2026-05-24T19:36:54+00:00,SlimeVolley-v0,initial,improved-v0,v0,archived heuristic,evaluation-harness change,dev,0,20,20,-0.15,2.47538,-1,-5,4,8,12,0,0.4,-0.15,16379,0.833864,pass,not_recorded,088c70f,3dcb8c83ecb4,10,28,SlimeVolley round-robin tournament matchup 9/36: initial vs improved-v0; no policy code changed.,No failure observed.,Use round-robin standings to detect exploitability and regressions across archived policy versions.
2026-05-24T19:36:55+00:00,SlimeVolley-v0,initial,improved-v1,v1,archived heuristic,evaluation-harness change,dev,0,20,20,-2.5,1.96214,-3,-5,2,3,17,0,0.15,-2.5,16544,0.841263,pass,not_recorded,088c70f,3dcb8c83ecb4,10,28,SlimeVolley round-robin tournament matchup 10/36: initial vs improved-v1; no policy code changed.,No failure observed.,Use round-robin standings to detect exploitability and regressions across archived policy versions.
2026-05-24T19:36:56+00:00,SlimeVolley-v0,initial,improved-v2,v2,archived heuristic,evaluation-harness change,dev,0,20,20,-2.5,1.96214,-3,-5,2,3,17,0,0.15,-2.5,16544,0.824856,pass,not_recorded,088c70f,3dcb8c83ecb4,10,28,SlimeVolley round-robin tournament matchup 11/36: initial vs improved-v2; no policy code changed.,No failure observed.,Use round-robin standings to detect exploitability and regressions across archived policy versions.
2026-05-24T19:36:57+00:00,SlimeVolley-v0,initial,improved,current,current heuristic,evaluation-harness change,dev,0,20,20,-2.5,1.96214,-3,-5,2,3,17,0,0.15,-2.5,16544,0.835159,pass,not_recorded,088c70f,3dcb8c83ecb4,10,28,SlimeVolley round-robin tournament matchup 12/36: initial vs improved; no policy code changed.,No failure observed.,Use round-robin standings to detect exploitability and regressions across archived policy versions.
2026-05-24T19:36:58+00:00,SlimeVolley-v0,improved-v0,random,v0,random policy,evaluation-harness change,dev,0,20,20,1.6,3.00666,3,-4,5,13,7,0,0.65,1.6,13098,0.746647,pass,not_recorded,088c70f,3dcb8c83ecb4,10,28,SlimeVolley round-robin tournament matchup 13/36: improved-v0 vs random; no policy code changed.,No failure observed.,Use round-robin standings to detect exploitability and regressions across archived policy versions.
2026-05-24T19:36:59+00:00,SlimeVolley-v0,improved-v0,initial,v0,frozen heuristic,evaluation-harness change,dev,0,20,20,0.4,2.67208,1.5,-5,4,11,9,0,0.55,0.4,15396,0.789749,pass,not_recorded,088c70f,3dcb8c83ecb4,10,28,SlimeVolley round-robin tournament matchup 14/36: improved-v0 vs initial; no policy code changed.,No failure observed.,Use round-robin standings to detect exploitability and regressions across archived policy versions.
2026-05-24T19:37:00+00:00,SlimeVolley-v0,improved-v0,improved-v0,v0,archived heuristic,evaluation-harness change,dev,0,20,20,0.25,2.75454,0,-5,4,10,10,0,0.5,0.25,15625,0.794757,pass,not_recorded,088c70f,3dcb8c83ecb4,10,28,SlimeVolley round-robin tournament matchup 15/36: improved-v0 vs improved-v0; no policy code changed.,No failure observed.,Use round-robin standings to detect exploitability and regressions across archived policy versions.
2026-05-24T19:37:01+00:00,SlimeVolley-v0,improved-v0,improved-v1,v1,archived heuristic,evaluation-harness change,dev,0,20,20,-2.35,1.82414,-2.5,-5,2,2,18,0,0.1,-2.35,16865,0.859999,pass,not_recorded,088c70f,3dcb8c83ecb4,10,28,SlimeVolley round-robin tournament matchup 16/36: improved-v0 vs improved-v1; no policy code changed.,No failure observed.,Use round-robin standings to detect exploitability and regressions across archived policy versions.
2026-05-24T19:37:01+00:00,SlimeVolley-v0,improved-v0,improved-v2,v2,archived heuristic,evaluation-harness change,dev,0,20,20,-2.35,1.82414,-2.5,-5,2,2,18,0,0.1,-2.35,16865,0.850824,pass,not_recorded,088c70f,3dcb8c83ecb4,10,28,SlimeVolley round-robin tournament matchup 17/36: improved-v0 vs improved-v2; no policy code changed.,No failure observed.,Use round-robin standings to detect exploitability and regressions across archived policy versions.
2026-05-24T19:37:02+00:00,SlimeVolley-v0,improved-v0,improved,current,current heuristic,evaluation-harness change,dev,0,20,20,-2.35,1.82414,-2.5,-5,2,2,18,0,0.1,-2.35,16865,0.870466,pass,not_recorded,088c70f,3dcb8c83ecb4,10,28,SlimeVolley round-robin tournament matchup 18/36: improved-v0 vs improved; no policy code changed.,No failure observed.,Use round-robin standings to detect exploitability and regressions across archived policy versions.
2026-05-24T19:37:03+00:00,SlimeVolley-v0,improved-v1,random,v0,random policy,evaluation-harness change,dev,0,20,20,3.1,2.18861,4,-2,5,18,2,0,0.9,3.1,13785,0.785388,pass,not_recorded,088c70f,3dcb8c83ecb4,10,28,SlimeVolley round-robin tournament matchup 19/36: improved-v1 vs random; no policy code changed.,No failure observed.,Use round-robin standings to detect exploitability and regressions across archived policy versions.
2026-05-24T19:37:04+00:00,SlimeVolley-v0,improved-v1,initial,v0,frozen heuristic,evaluation-harness change,dev,0,20,20,2.7,2.1,3,-3,5,18,2,0,0.9,2.7,15859,0.832174,pass,not_recorded,088c70f,3dcb8c83ecb4,10,28,SlimeVolley round-robin tournament matchup 20/36: improved-v1 vs initial; no policy code changed.,No failure observed.,Use round-robin standings to detect exploitability and regressions across archived policy versions.
2026-05-24T19:37:05+00:00,SlimeVolley-v0,improved-v1,improved-v0,v0,archived heuristic,evaluation-harness change,dev,0,20,20,2.65,2.08026,3,-3,5,18,2,0,0.9,2.65,16270,0.82484,pass,not_recorded,088c70f,3dcb8c83ecb4,10,28,SlimeVolley round-robin tournament matchup 21/36: improved-v1 vs improved-v0; no policy code changed.,No failure observed.,Use round-robin standings to detect exploitability and regressions across archived policy versions.
2026-05-24T19:37:07+00:00,SlimeVolley-v0,improved-v1,improved-v1,v1,archived heuristic,evaluation-harness change,dev,0,20,20,0.35,2.35106,-1,-3,4,9,11,0,0.45,0.35,23401,1.173098,pass,not_recorded,088c70f,3dcb8c83ecb4,10,28,SlimeVolley round-robin tournament matchup 22/36: improved-v1 vs improved-v1; no policy code changed.,No failure observed.,Use round-robin standings to detect exploitability and regressions across archived policy versions.
2026-05-24T19:37:08+00:00,SlimeVolley-v0,improved-v1,improved-v2,v2,archived heuristic,evaluation-harness change,dev,0,20,20,0.35,2.35106,-1,-3,4,9,11,0,0.45,0.35,23401,1.176208,pass,not_recorded,088c70f,3dcb8c83ecb4,10,28,SlimeVolley round-robin tournament matchup 23/36: improved-v1 vs improved-v2; no policy code changed.,No failure observed.,Use round-robin standings to detect exploitability and regressions across archived policy versions.
2026-05-24T19:37:09+00:00,SlimeVolley-v0,improved-v1,improved,current,current heuristic,evaluation-harness change,dev,0,20,20,0.35,2.35106,-1,-3,4,9,11,0,0.45,0.35,23401,1.23909,pass,not_recorded,088c70f,3dcb8c83ecb4,10,28,SlimeVolley round-robin tournament matchup 24/36: improved-v1 vs improved; no policy code changed.,No failure observed.,Use round-robin standings to detect exploitability and regressions across archived policy versions.
2026-05-24T19:37:10+00:00,SlimeVolley-v0,improved-v2,random,v0,random policy,evaluation-harness change,dev,0,20,20,3.1,2.18861,4,-2,5,18,2,0,0.9,3.1,13785,0.794855,pass,not_recorded,088c70f,3dcb8c83ecb4,10,28,SlimeVolley round-robin tournament matchup 25/36: improved-v2 vs random; no policy code changed.,No failure observed.,Use round-robin standings to detect exploitability and regressions across archived policy versions.
2026-05-24T19:37:11+00:00,SlimeVolley-v0,improved-v2,initial,v0,frozen heuristic,evaluation-harness change,dev,0,20,20,2.7,2.1,3,-3,5,18,2,0,0.9,2.7,15859,0.800675,pass,not_recorded,088c70f,3dcb8c83ecb4,10,28,SlimeVolley round-robin tournament matchup 26/36: improved-v2 vs initial; no policy code changed.,No failure observed.,Use round-robin standings to detect exploitability and regressions across archived policy versions.
2026-05-24T19:37:12+00:00,SlimeVolley-v0,improved-v2,improved-v0,v0,archived heuristic,evaluation-harness change,dev,0,20,20,2.65,2.08026,3,-3,5,18,2,0,0.9,2.65,16270,0.838231,pass,not_recorded,088c70f,3dcb8c83ecb4,10,28,SlimeVolley round-robin tournament matchup 27/36: improved-v2 vs improved-v0; no policy code changed.,No failure observed.,Use round-robin standings to detect exploitability and regressions across archived policy versions.
2026-05-24T19:37:13+00:00,SlimeVolley-v0,improved-v2,improved-v1,v1,archived heuristic,evaluation-harness change,dev,0,20,20,0.35,2.35106,-1,-3,4,9,11,0,0.45,0.35,23401,1.190655,pass,not_recorded,088c70f,3dcb8c83ecb4,10,28,SlimeVolley round-robin tournament matchup 28/36: improved-v2 vs improved-v1; no policy code changed.,No failure observed.,Use round-robin standings to detect exploitability and regressions across archived policy versions.
2026-05-24T19:37:15+00:00,SlimeVolley-v0,improved-v2,improved-v2,v2,archived heuristic,evaluation-harness change,dev,0,20,20,0.35,2.35106,-1,-3,4,9,11,0,0.45,0.35,23401,1.210261,pass,not_recorded,088c70f,3dcb8c83ecb4,10,28,SlimeVolley round-robin tournament matchup 29/36: improved-v2 vs improved-v2; no policy code changed.,No failure observed.,Use round-robin standings to detect exploitability and regressions across archived policy versions.
2026-05-24T19:37:16+00:00,SlimeVolley-v0,improved-v2,improved,current,current heuristic,evaluation-harness change,dev,0,20,20,0.35,2.35106,-1,-3,4,9,11,0,0.45,0.35,23401,1.201598,pass,not_recorded,088c70f,3dcb8c83ecb4,10,28,SlimeVolley round-robin tournament matchup 30/36: improved-v2 vs improved; no policy code changed.,No failure observed.,Use round-robin standings to detect exploitability and regressions across archived policy versions.
2026-05-24T19:37:17+00:00,SlimeVolley-v0,improved,random,v0,random policy,evaluation-harness change,dev,0,20,20,3.1,2.18861,4,-2,5,18,2,0,0.9,3.1,13785,0.783858,pass,not_recorded,088c70f,3dcb8c83ecb4,10,28,SlimeVolley round-robin tournament matchup 31/36: improved vs random; no policy code changed.,No failure observed.,Use round-robin standings to detect exploitability and regressions across archived policy versions.
2026-05-24T19:37:18+00:00,SlimeVolley-v0,improved,initial,v0,frozen heuristic,evaluation-harness change,dev,0,20,20,2.7,2.1,3,-3,5,18,2,0,0.9,2.7,15859,0.8022,pass,not_recorded,088c70f,3dcb8c83ecb4,10,28,SlimeVolley round-robin tournament matchup 32/36: improved vs initial; no policy code changed.,No failure observed.,Use round-robin standings to detect exploitability and regressions across archived policy versions.
2026-05-24T19:37:19+00:00,SlimeVolley-v0,improved,improved-v0,v0,archived heuristic,evaluation-harness change,dev,0,20,20,2.65,2.08026,3,-3,5,18,2,0,0.9,2.65,16270,0.854437,pass,not_recorded,088c70f,3dcb8c83ecb4,10,28,SlimeVolley round-robin tournament matchup 33/36: improved vs improved-v0; no policy code changed.,No failure observed.,Use round-robin standings to detect exploitability and regressions across archived policy versions.
2026-05-24T19:37:20+00:00,SlimeVolley-v0,improved,improved-v1,v1,archived heuristic,evaluation-harness change,dev,0,20,20,0.35,2.35106,-1,-3,4,9,11,0,0.45,0.35,23401,1.191439,pass,not_recorded,088c70f,3dcb8c83ecb4,10,28,SlimeVolley round-robin tournament matchup 34/36: improved vs improved-v1; no policy code changed.,No failure observed.,Use round-robin standings to detect exploitability and regressions across archived policy versions.
2026-05-24T19:37:22+00:00,SlimeVolley-v0,improved,improved-v2,v2,archived heuristic,evaluation-harness change,dev,0,20,20,0.35,2.35106,-1,-3,4,9,11,0,0.45,0.35,23401,1.176231,pass,not_recorded,088c70f,3dcb8c83ecb4,10,28,SlimeVolley round-robin tournament matchup 35/36: improved vs improved-v2; no policy code changed.,No failure observed.,Use round-robin standings to detect exploitability and regressions across archived policy versions.
2026-05-24T19:37:23+00:00,SlimeVolley-v0,improved,improved,current,current heuristic,evaluation-harness change,dev,0,20,20,0.35,2.35106,-1,-3,4,9,11,0,0.45,0.35,23401,1.187893,pass,not_recorded,088c70f,3dcb8c83ecb4,10,28,SlimeVolley round-robin tournament matchup 36/36: improved vs improved; no policy code changed.,No failure observed.,Use round-robin standings to detect exploitability and regressions across archived policy versions.
2026-05-24T19:44:47+00:00,SlimeVolley-v0,random,builtin,slimevolleygym-baseline-rnn,built-in baseline,evaluation-harness change,holdout,1000,1050,50,-4.84,0.463033,-5,-5,-3,0,50,0,0.0,-4.84,30360,1.710102,pass,not_recorded,088c70f,6847d002717d,11,32,Final SlimeVolley holdout matchup 1/25: random vs builtin. This row must not be used for tuning.,"Final holdout evaluation row. Any failure or weak score is reported as evidence, not a tuning signal.",Do not tune on holdout results. Use them only for the final conclusion and future fresh experiments.
2026-05-24T19:44:48+00:00,SlimeVolley-v0,random,random,v0,random policy,evaluation-harness change,holdout,1000,1050,50,0.28,2.81453,1,-5,5,26,24,0,0.52,0.28,31361,1.668534,pass,not_recorded,088c70f,6847d002717d,11,32,Final SlimeVolley holdout matchup 2/25: random vs random. This row must not be used for tuning.,"Final holdout evaluation row. Any failure or weak score is reported as evidence, not a tuning signal.",Do not tune on holdout results. Use them only for the final conclusion and future fresh experiments.
2026-05-24T19:44:50+00:00,SlimeVolley-v0,random,initial,v0,frozen heuristic,evaluation-harness change,holdout,1000,1050,50,-1.62,2.69733,-2,-5,4,14,36,0,0.28,-1.62,32595,1.787262,pass,not_recorded,088c70f,6847d002717d,11,32,Final SlimeVolley holdout matchup 3/25: random vs initial. This row must not be used for tuning.,"Final holdout evaluation row. Any failure or weak score is reported as evidence, not a tuning signal.",Do not tune on holdout results. Use them only for the final conclusion and future fresh experiments.
2026-05-24T19:44:52+00:00,SlimeVolley-v0,random,improved-v0,v0,archived heuristic,evaluation-harness change,holdout,1000,1050,50,-1.48,2.64756,-2,-5,4,14,36,0,0.28,-1.48,33649,1.88572,pass,not_recorded,088c70f,6847d002717d,11,32,Final SlimeVolley holdout matchup 4/25: random vs improved-v0. This row must not be used for tuning.,"Final holdout evaluation row. Any failure or weak score is reported as evidence, not a tuning signal.",Do not tune on holdout results. Use them only for the final conclusion and future fresh experiments.
2026-05-24T19:44:55+00:00,SlimeVolley-v0,random,improved-v2,v2,archived heuristic,evaluation-harness change,holdout,1000,1050,50,-2.82,2.18806,-3,-5,4,5,45,0,0.1,-2.82,35313,2.019042,pass,not_recorded,088c70f,6847d002717d,11,32,Final SlimeVolley holdout matchup 5/25: random vs improved-v2. This row must not be used for tuning.,"Final holdout evaluation row. Any failure or weak score is reported as evidence, not a tuning signal.",Do not tune on holdout results. Use them only for the final conclusion and future fresh experiments.
2026-05-24T19:44:56+00:00,SlimeVolley-v0,initial,builtin,slimevolleygym-baseline-rnn,built-in baseline,evaluation-harness change,holdout,1000,1050,50,-4.88,0.381576,-5,-5,-3,0,50,0,0.0,-4.88,31491,1.452694,pass,not_recorded,088c70f,6847d002717d,11,32,Final SlimeVolley holdout matchup 6/25: initial vs builtin. This row must not be used for tuning.,"Final holdout evaluation row. Any failure or weak score is reported as evidence, not a tuning signal.",Do not tune on holdout results. Use them only for the final conclusion and future fresh experiments.
2026-05-24T19:44:58+00:00,SlimeVolley-v0,initial,random,v0,random policy,evaluation-harness change,holdout,1000,1050,50,1.76,2.66503,3,-5,5,37,13,0,0.74,1.76,33080,1.78894,pass,not_recorded,088c70f,6847d002717d,11,32,Final SlimeVolley holdout matchup 7/25: initial vs random. This row must not be used for tuning.,"Final holdout evaluation row. Any failure or weak score is reported as evidence, not a tuning signal.",Do not tune on holdout results. Use them only for the final conclusion and future fresh experiments.
2026-05-24T19:45:00+00:00,SlimeVolley-v0,initial,initial,v0,frozen heuristic,evaluation-harness change,holdout,1000,1050,50,0.02,2.78201,0,-5,4,25,25,0,0.5,0.02,37308,1.822267,pass,not_recorded,088c70f,6847d002717d,11,32,Final SlimeVolley holdout matchup 8/25: initial vs initial. This row must not be used for tuning.,"Final holdout evaluation row. Any failure or weak score is reported as evidence, not a tuning signal.",Do not tune on holdout results. Use them only for the final conclusion and future fresh experiments.
2026-05-24T19:45:02+00:00,SlimeVolley-v0,initial,improved-v0,v0,archived heuristic,evaluation-harness change,holdout,1000,1050,50,0.2,2.81425,1,-4,5,26,24,0,0.52,0.2,37638,1.863812,pass,not_recorded,088c70f,6847d002717d,11,32,Final SlimeVolley holdout matchup 9/25: initial vs improved-v0. This row must not be used for tuning.,"Final holdout evaluation row. Any failure or weak score is reported as evidence, not a tuning signal.",Do not tune on holdout results. Use them only for the final conclusion and future fresh experiments.
2026-05-24T19:45:04+00:00,SlimeVolley-v0,initial,improved-v2,v2,archived heuristic,evaluation-harness change,holdout,1000,1050,50,-2.3,2.26495,-3,-5,5,6,44,0,0.12,-2.3,40023,2.033828,pass,not_recorded,088c70f,6847d002717d,11,32,Final SlimeVolley holdout matchup 10/25: initial vs improved-v2. This row must not be used for tuning.,"Final holdout evaluation row. Any failure or weak score is reported as evidence, not a tuning signal.",Do not tune on holdout results. Use them only for the final conclusion and future fresh experiments.
2026-05-24T19:45:06+00:00,SlimeVolley-v0,tuned,builtin,slimevolleygym-baseline-rnn,built-in baseline,evaluation-harness change,holdout,1000,1050,50,-4.8,0.489898,-5,-5,-3,0,50,0,0.0,-4.8,33089,1.542734,pass,not_recorded,088c70f,6847d002717d,11,32,Final SlimeVolley holdout matchup 11/25: tuned vs builtin. This row must not be used for tuning.,"Final holdout evaluation row. Any failure or weak score is reported as evidence, not a tuning signal.",Do not tune on holdout results. Use them only for the final conclusion and future fresh experiments.
2026-05-24T19:45:08+00:00,SlimeVolley-v0,tuned,random,v0,random policy,evaluation-harness change,holdout,1000,1050,50,2.38,2.27059,3,-4,5,42,8,0,0.84,2.38,33717,1.835542,pass,not_recorded,088c70f,6847d002717d,11,32,Final SlimeVolley holdout matchup 12/25: tuned vs random. This row must not be used for tuning.,"Final holdout evaluation row. Any failure or weak score is reported as evidence, not a tuning signal.",Do not tune on holdout results. Use them only for the final conclusion and future fresh experiments.
2026-05-24T19:45:10+00:00,SlimeVolley-v0,tuned,initial,v0,frozen heuristic,evaluation-harness change,holdout,1000,1050,50,0.86,2.67589,1,-5,5,32,18,0,0.64,0.86,38875,1.934348,pass,not_recorded,088c70f,6847d002717d,11,32,Final SlimeVolley holdout matchup 13/25: tuned vs initial. This row must not be used for tuning.,"Final holdout evaluation row. Any failure or weak score is reported as evidence, not a tuning signal.",Do not tune on holdout results. Use them only for the final conclusion and future fresh experiments.
2026-05-24T19:45:12+00:00,SlimeVolley-v0,tuned,improved-v0,v0,archived heuristic,evaluation-harness change,holdout,1000,1050,50,1.06,2.80293,2,-5,5,33,17,0,0.66,1.06,38516,1.884046,pass,not_recorded,088c70f,6847d002717d,11,32,Final SlimeVolley holdout matchup 14/25: tuned vs improved-v0. This row must not be used for tuning.,"Final holdout evaluation row. Any failure or weak score is reported as evidence, not a tuning signal.",Do not tune on holdout results. Use them only for the final conclusion and future fresh experiments.
2026-05-24T19:45:14+00:00,SlimeVolley-v0,tuned,improved-v2,v2,archived heuristic,evaluation-harness change,holdout,1000,1050,50,-2.04,2.34913,-2,-5,5,10,40,0,0.2,-2.04,43803,2.155501,pass,not_recorded,088c70f,6847d002717d,11,32,Final SlimeVolley holdout matchup 15/25: tuned vs improved-v2. This row must not be used for tuning.,"Final holdout evaluation row. Any failure or weak score is reported as evidence, not a tuning signal.",Do not tune on holdout results. Use them only for the final conclusion and future fresh experiments.
2026-05-24T19:45:17+00:00,SlimeVolley-v0,improved,builtin,slimevolleygym-baseline-rnn,built-in baseline,evaluation-harness change,holdout,1000,1050,50,-4.78,0.46,-5,-5,-3,0,50,0,0.0,-4.78,49147,2.310499,pass,not_recorded,088c70f,6847d002717d,11,32,Final SlimeVolley holdout matchup 16/25: improved vs builtin. This row must not be used for tuning.,"Final holdout evaluation row. Any failure or weak score is reported as evidence, not a tuning signal.",Do not tune on holdout results. Use them only for the final conclusion and future fresh experiments.
2026-05-24T19:45:19+00:00,SlimeVolley-v0,improved,random,v0,random policy,evaluation-harness change,holdout,1000,1050,50,3,1.83303,3,-4,5,46,4,0,0.92,3.0,33664,1.912482,pass,not_recorded,088c70f,6847d002717d,11,32,Final SlimeVolley holdout matchup 17/25: improved vs random. This row must not be used for tuning.,"Final holdout evaluation row. Any failure or weak score is reported as evidence, not a tuning signal.",Do not tune on holdout results. Use them only for the final conclusion and future fresh experiments.
2026-05-24T19:45:21+00:00,SlimeVolley-v0,improved,initial,v0,frozen heuristic,evaluation-harness change,holdout,1000,1050,50,2.22,2.08125,3,-4,5,43,7,0,0.86,2.22,40509,1.991887,pass,not_recorded,088c70f,6847d002717d,11,32,Final SlimeVolley holdout matchup 18/25: improved vs initial. This row must not be used for tuning.,"Final holdout evaluation row. Any failure or weak score is reported as evidence, not a tuning signal.",Do not tune on holdout results. Use them only for the final conclusion and future fresh experiments.
2026-05-24T19:45:23+00:00,SlimeVolley-v0,improved,improved-v0,v0,archived heuristic,evaluation-harness change,holdout,1000,1050,50,2.36,2.03725,3,-4,5,44,6,0,0.88,2.36,41046,2.098494,pass,not_recorded,088c70f,6847d002717d,11,32,Final SlimeVolley holdout matchup 19/25: improved vs improved-v0. This row must not be used for tuning.,"Final holdout evaluation row. Any failure or weak score is reported as evidence, not a tuning signal.",Do not tune on holdout results. Use them only for the final conclusion and future fresh experiments.
2026-05-24T19:45:27+00:00,SlimeVolley-v0,improved,improved-v2,v2,archived heuristic,evaluation-harness change,holdout,1000,1050,50,0.8,2.54558,1,-5,5,33,17,0,0.66,0.8,55511,2.834609,pass,not_recorded,088c70f,6847d002717d,11,32,Final SlimeVolley holdout matchup 20/25: improved vs improved-v2. This row must not be used for tuning.,"Final holdout evaluation row. Any failure or weak score is reported as evidence, not a tuning signal.",Do not tune on holdout results. Use them only for the final conclusion and future fresh experiments.
2026-05-24T19:45:34+00:00,SlimeVolley-v0,baseline-rnn,builtin,slimevolleygym-baseline-rnn,built-in baseline,evaluation-harness change,holdout,1000,1050,50,0.06,1.19013,0,-3,3,17,14,19,0.34,0.06,150000,7.07251,pass,not_recorded,088c70f,6847d002717d,11,32,Final SlimeVolley holdout matchup 21/25: baseline-rnn vs builtin. This row must not be used for tuning.,"Final holdout evaluation row. Any failure or weak score is reported as evidence, not a tuning signal.",Do not tune on holdout results. Use them only for the final conclusion and future fresh experiments.
2026-05-24T19:45:36+00:00,SlimeVolley-v0,baseline-rnn,random,v0,random policy,evaluation-harness change,holdout,1000,1050,50,4.88,0.324962,5,4,5,50,0,0,1.0,4.88,28405,1.67484,pass,not_recorded,088c70f,6847d002717d,11,32,Final SlimeVolley holdout matchup 22/25: baseline-rnn vs random. This row must not be used for tuning.,"Final holdout evaluation row. Any failure or weak score is reported as evidence, not a tuning signal.",Do not tune on holdout results. Use them only for the final conclusion and future fresh experiments.
2026-05-24T19:45:38+00:00,SlimeVolley-v0,baseline-rnn,initial,v0,frozen heuristic,evaluation-harness change,holdout,1000,1050,50,4.86,0.346987,5,4,5,50,0,0,1.0,4.86,32952,1.801651,pass,not_recorded,088c70f,6847d002717d,11,32,Final SlimeVolley holdout matchup 23/25: baseline-rnn vs initial. This row must not be used for tuning.,"Final holdout evaluation row. Any failure or weak score is reported as evidence, not a tuning signal.",Do not tune on holdout results. Use them only for the final conclusion and future fresh experiments.
2026-05-24T19:45:40+00:00,SlimeVolley-v0,baseline-rnn,improved-v0,v0,archived heuristic,evaluation-harness change,holdout,1000,1050,50,4.86,0.346987,5,4,5,50,0,0,1.0,4.86,33335,1.857299,pass,not_recorded,088c70f,6847d002717d,11,32,Final SlimeVolley holdout matchup 24/25: baseline-rnn vs improved-v0. This row must not be used for tuning.,"Final holdout evaluation row. Any failure or weak score is reported as evidence, not a tuning signal.",Do not tune on holdout results. Use them only for the final conclusion and future fresh experiments.
2026-05-24T19:45:43+00:00,SlimeVolley-v0,baseline-rnn,improved-v2,v2,archived heuristic,evaluation-harness change,holdout,1000,1050,50,4.84,0.417612,5,3,5,50,0,0,1.0,4.84,51143,2.859957,pass,not_recorded,088c70f,6847d002717d,11,32,Final SlimeVolley holdout matchup 25/25: baseline-rnn vs improved-v2. This row must not be used for tuning.,"Final holdout evaluation row. Any failure or weak score is reported as evidence, not a tuning signal.",Do not tune on holdout results. Use them only for the final conclusion and future fresh experiments.
